"Symbol  ","Series  ","Date  ","Prev Close  ","Open Price  ","High Price  ","Low Price  ","Last Price  ","Close Price  ","Average Price ","Total Traded Quantity  ","Turnover ₹  ","No. of Trades  ","Deliverable Qty  ","% Dly Qt to Traded Qty  "
"MARUTI","EQ","25-Jun-2020","5,755.35","5,677.00","5,846.80","5,651.00","5,756.00","5,762.30","5,778.04","12,66,213","7,31,62,29,888.75","1,01,597","2,33,593","18.45"
"MARUTI","EQ","26-Jun-2020","5,762.30","5,800.00","5,810.00","5,695.00","5,745.00","5,754.90","5,736.35","10,63,059","6,09,80,75,256.70","98,170","1,61,019","15.15"
"MARUTI","EQ","29-Jun-2020","5,754.90","5,730.00","5,800.00","5,650.00","5,701.00","5,678.70","5,702.69","11,02,655","6,28,81,00,845.40","93,831","2,25,779","20.48"
"MARUTI","EQ","30-Jun-2020","5,678.70","5,750.00","5,874.50","5,681.45","5,830.00","5,838.30","5,806.09","20,15,839","11,70,41,48,721.60","1,40,161","4,35,446","21.60"
"MARUTI","EQ","01-Jul-2020","5,838.30","5,838.30","5,885.00","5,775.00","5,795.00","5,803.10","5,815.43","12,84,965","7,47,26,20,274.00","91,004","1,83,034","14.24"
"MARUTI","EQ","02-Jul-2020","5,803.10","5,850.00","5,960.00","5,762.80","5,938.00","5,948.45","5,866.62","14,70,951","8,62,95,17,143.70","1,09,150","2,87,700","19.56"
"MARUTI","EQ","03-Jul-2020","5,948.45","5,948.45","5,988.60","5,883.05","5,916.00","5,932.10","5,935.57","10,59,779","6,29,03,94,582.90","87,711","85,535","8.07"
"MARUTI","EQ","06-Jul-2020","5,932.10","5,963.45","6,147.70","5,925.00","6,135.00","6,123.60","6,045.46","13,85,087","8,37,34,86,835.40","1,05,457","1,83,667","13.26"
"MARUTI","EQ","07-Jul-2020","6,123.60","6,140.00","6,250.00","6,092.65","6,212.85","6,226.75","6,187.36","17,99,721","11,13,55,25,711.75","1,32,528","4,76,086","26.45"
"MARUTI","EQ","08-Jul-2020","6,226.75","6,226.75","6,235.00","6,022.60","6,049.80","6,044.40","6,124.25","12,04,104","7,37,42,33,971.90","1,07,505","2,94,304","24.44"
"MARUTI","EQ","09-Jul-2020","6,044.40","6,080.00","6,096.00","5,931.35","6,020.00","6,002.35","5,994.28","10,43,433","6,25,46,30,547.85","90,297","1,91,108","18.32"
"MARUTI","EQ","10-Jul-2020","6,002.35","5,980.00","6,085.10","5,921.00","5,964.00","5,955.65","5,986.88","11,68,905","6,99,80,94,624.00","1,02,190","1,01,731","8.70"
"MARUTI","EQ","13-Jul-2020","5,955.65","6,000.00","6,059.25","5,927.80","6,006.20","5,988.85","5,988.05","10,35,124","6,19,83,73,071.95","80,418","1,97,689","19.10"
"MARUTI","EQ","14-Jul-2020","5,988.85","5,951.00","5,958.75","5,750.00","5,778.95","5,771.75","5,817.51","16,02,939","9,32,51,07,046.10","1,35,530","5,26,489","32.85"
"MARUTI","EQ","15-Jul-2020","5,771.75","5,810.00","5,879.80","5,755.00","5,809.10","5,801.30","5,817.70","12,46,712","7,25,29,96,208.35","98,323","2,94,213","23.60"
"MARUTI","EQ","16-Jul-2020","5,801.30","5,809.00","5,920.00","5,752.00","5,873.80","5,875.35","5,849.80","10,18,659","5,95,89,54,596.05","86,516","1,76,880","17.36"
"MARUTI","EQ","17-Jul-2020","5,875.35","5,898.00","5,956.00","5,851.00","5,931.50","5,919.50","5,909.33","8,10,164","4,78,75,28,745.90","68,796","1,17,796","14.54"
"MARUTI","EQ","20-Jul-2020","5,919.50","5,935.00","5,936.00","5,812.00","5,875.00","5,867.50","5,864.05","9,12,611","5,35,15,96,920.50","85,254","1,51,710","16.62"
"MARUTI","EQ","21-Jul-2020","5,867.50","5,919.50","6,150.00","5,900.00","6,115.30","6,130.85","6,080.33","18,54,694","11,27,71,49,637.60","1,51,091","3,50,907","18.92"
"MARUTI","EQ","22-Jul-2020","6,130.85","6,117.00","6,129.00","5,939.70","6,013.00","6,003.40","6,034.25","11,40,094","6,87,96,14,116.95","1,02,729","2,54,649","22.34"
"MARUTI","EQ","23-Jul-2020","6,003.40","6,013.00","6,090.00","5,967.95","6,047.35","6,065.95","6,047.91","7,01,702","4,24,38,33,460.10","61,215","78,069","11.13"
"MARUTI","EQ","24-Jul-2020","6,065.95","6,010.00","6,047.35","5,932.10","5,990.50","6,000.70","5,985.18","7,93,324","4,74,81,87,299.55","78,265","1,06,961","13.48"
"MARUTI","EQ","27-Jul-2020","6,000.70","6,008.00","6,062.85","5,928.05","6,056.00","6,043.30","6,001.19","9,02,597","5,41,66,57,162.10","79,430","1,44,621","16.02"
"MARUTI","EQ","28-Jul-2020","6,043.30","6,050.00","6,320.35","6,031.15","6,265.00","6,282.80","6,206.76","17,74,866","11,01,61,75,527.00","1,39,344","3,23,590","18.23"
"MARUTI","EQ","29-Jul-2020","6,282.80","6,269.95","6,295.00","6,118.95","6,192.00","6,185.15","6,196.86","20,57,207","12,74,82,14,359.50","1,54,097","4,70,601","22.88"
"MARUTI","EQ","30-Jul-2020","6,185.15","6,184.05","6,393.65","6,170.05","6,260.00","6,265.40","6,318.70","22,17,867","14,01,40,45,828.35","1,56,205","4,90,512","22.12"
"MARUTI","EQ","31-Jul-2020","6,265.40","6,265.00","6,379.85","6,209.00","6,260.00","6,262.75","6,287.71","16,13,555","10,14,55,60,781.10","1,18,083","3,87,927","24.04"
"MARUTI","EQ","03-Aug-2020","6,262.75","6,380.00","6,437.45","6,125.05","6,172.00","6,165.20","6,247.42","18,36,582","11,47,38,91,228.30","1,42,978","3,81,819","20.79"
"MARUTI","EQ","04-Aug-2020","6,165.20","6,199.00","6,376.85","6,185.00","6,360.55","6,358.95","6,301.15","12,23,516","7,70,95,52,984.55","1,02,411","2,00,366","16.38"
"MARUTI","EQ","05-Aug-2020","6,358.95","6,388.90","6,597.70","6,380.00","6,517.00","6,526.25","6,523.90","22,78,683","14,86,58,89,021.95","1,68,264","5,03,778","22.11"
"MARUTI","EQ","06-Aug-2020","6,526.25","6,534.95","6,585.85","6,434.40","6,551.25","6,555.75","6,498.88","12,33,253","8,01,47,64,094.60","1,03,982","1,48,369","12.03"
"MARUTI","EQ","07-Aug-2020","6,555.75","6,498.00","6,749.50","6,481.85","6,665.00","6,679.00","6,645.66","15,68,000","10,42,04,00,274.55","1,22,724","2,86,218","18.25"
"MARUTI","EQ","10-Aug-2020","6,679.00","6,690.00","6,728.70","6,576.00","6,599.00","6,608.90","6,645.25","16,01,753","10,64,40,45,510.15","1,03,576","2,92,695","18.27"
"MARUTI","EQ","11-Aug-2020","6,608.90","6,665.00","6,713.50","6,611.00","6,648.70","6,649.20","6,656.90","8,80,811","5,86,34,68,565.65","75,125","1,03,962","11.80"
"MARUTI","EQ","12-Aug-2020","6,649.20","6,609.95","6,778.05","6,592.10","6,730.05","6,730.30","6,708.04","11,14,994","7,47,94,27,644.70","76,689","2,11,836","19.00"
"MARUTI","EQ","13-Aug-2020","6,730.30","6,729.95","6,772.00","6,655.00","6,732.00","6,731.65","6,720.91","10,87,096","7,30,62,79,354.80","82,991","1,35,660","12.48"
"MARUTI","EQ","14-Aug-2020","6,731.65","6,740.00","6,745.15","6,552.05","6,598.95","6,588.20","6,637.52","9,05,798","6,01,22,49,380.45","76,687","1,60,256","17.69"
"MARUTI","EQ","17-Aug-2020","6,588.20","6,660.00","6,789.95","6,588.20","6,760.10","6,768.40","6,703.34","10,28,545","6,89,46,90,547.40","80,388","1,51,803","14.76"
"MARUTI","EQ","18-Aug-2020","6,768.40","6,768.40","6,924.90","6,760.90","6,891.00","6,893.10","6,866.97","13,22,542","9,08,18,51,848.60","94,241","2,53,888","19.20"
"MARUTI","EQ","19-Aug-2020","6,893.10","6,924.00","7,014.70","6,885.05","6,999.45","6,990.30","6,967.39","13,26,450","9,24,18,98,711.45","86,982","2,99,212","22.56"
"MARUTI","EQ","20-Aug-2020","6,990.30","6,891.10","6,999.00","6,880.05","6,964.00","6,974.70","6,961.60","9,58,233","6,67,08,35,970.25","64,977","1,40,623","14.68"
"MARUTI","EQ","21-Aug-2020","6,974.70","7,048.00","7,065.00","6,951.00","6,980.00","6,973.00","6,997.52","9,71,836","6,80,04,45,838.30","76,543","1,92,098","19.77"
"MARUTI","EQ","24-Aug-2020","6,973.00","6,985.00","7,100.00","6,955.00","7,091.45","7,082.50","7,038.05","9,61,178","6,76,48,15,408.55","78,921","1,82,906","19.03"
"MARUTI","EQ","25-Aug-2020","7,082.50","7,100.00","7,175.70","7,075.65","7,111.00","7,109.95","7,130.69","10,47,628","7,47,03,10,210.90","81,427","2,03,871","19.46"
"MARUTI","EQ","26-Aug-2020","7,109.95","7,110.00","7,158.00","6,972.00","7,017.05","7,008.65","7,059.20","9,92,395","7,00,55,14,681.50","91,608","3,27,710","33.02"
"MARUTI","EQ","27-Aug-2020","7,008.65","7,043.00","7,127.70","6,960.80","7,114.50","7,098.00","7,025.05","11,58,982","8,14,19,05,586.90","86,504","4,57,423","39.47"
"MARUTI","EQ","28-Aug-2020","7,098.00","7,125.00","7,156.00","7,028.45","7,106.60","7,104.10","7,101.60","10,19,984","7,24,35,16,750.30","88,135","1,67,530","16.42"
"MARUTI","EQ","31-Aug-2020","7,104.10","7,138.00","7,160.00","6,790.45","6,815.45","6,839.95","6,927.38","15,80,778","10,95,06,43,154.45","1,30,089","5,29,677","33.51"
"MARUTI","EQ","01-Sep-2020","6,839.95","6,860.45","7,018.70","6,802.00","6,912.00","6,905.65","6,929.84","11,17,127","7,74,15,13,231.55","93,743","1,92,159","17.20"
"MARUTI","EQ","02-Sep-2020","6,905.65","6,905.50","6,980.00","6,852.40","6,931.05","6,920.75","6,913.90","7,76,393","5,36,79,00,766.50","66,495","1,57,689","20.31"
"MARUTI","EQ","03-Sep-2020","6,920.75","6,925.00","7,116.90","6,920.75","7,075.05","7,072.60","7,049.13","9,47,751","6,68,08,20,760.15","94,430","1,92,005","20.26"
"MARUTI","EQ","04-Sep-2020","7,072.60","6,985.00","7,324.00","6,965.05","7,210.00","7,190.10","7,222.25","21,85,296","15,78,27,64,147.00","1,60,897","2,74,118","12.54"
"MARUTI","EQ","07-Sep-2020","7,190.10","7,225.00","7,300.00","7,129.25","7,222.25","7,209.15","7,211.66","13,48,919","9,72,79,44,733.05","1,08,181","1,96,685","14.58"
"MARUTI","EQ","08-Sep-2020","7,209.15","7,220.00","7,278.00","7,137.65","7,220.00","7,224.00","7,224.01","11,45,075","8,27,20,33,370.55","87,288","3,51,196","30.67"
"MARUTI","EQ","09-Sep-2020","7,224.00","7,200.00","7,256.35","7,121.20","7,227.00","7,215.25","7,184.74","12,73,303","9,14,83,49,628.65","1,02,091","4,67,218","36.69"
"MARUTI","EQ","10-Sep-2020","7,215.25","7,264.00","7,299.40","7,168.00","7,219.20","7,231.65","7,232.95","9,78,701","7,07,88,92,166.60","71,947","2,48,131","25.35"
"MARUTI","EQ","11-Sep-2020","7,231.65","7,279.95","7,349.90","7,175.00","7,181.20","7,193.60","7,248.64","13,83,019","10,02,50,04,989.80","1,05,158","2,60,032","18.80"
"MARUTI","EQ","14-Sep-2020","7,193.60","7,219.00","7,239.60","7,085.00","7,110.05","7,128.85","7,152.02","10,03,493","7,17,70,00,743.30","77,457","2,47,294","24.64"
"MARUTI","EQ","15-Sep-2020","7,128.85","7,164.00","7,175.00","7,005.00","7,050.00","7,052.80","7,071.67","8,94,418","6,32,50,31,614.55","62,872","2,03,426","22.74"
"MARUTI","EQ","16-Sep-2020","7,052.80","7,074.00","7,169.00","7,041.00","7,055.00","7,057.95","7,092.58","9,20,587","6,52,93,34,712.40","70,542","2,07,318","22.52"
"MARUTI","EQ","17-Sep-2020","7,057.95","7,049.50","7,112.90","6,941.00","7,110.00","7,085.85","7,007.85","11,33,421","7,94,28,43,434.50","1,01,117","2,35,674","20.79"
"MARUTI","EQ","18-Sep-2020","7,085.85","7,148.00","7,149.00","6,931.60","6,956.75","6,964.75","7,018.94","11,43,560","8,02,65,79,901.15","89,872","3,59,894","31.47"
"MARUTI","EQ","21-Sep-2020","6,964.75","6,964.75","6,986.90","6,590.00","6,631.50","6,626.95","6,762.10","12,90,483","8,72,63,77,367.25","1,19,484","3,70,840","28.74"
"MARUTI","EQ","22-Sep-2020","6,626.95","6,675.00","6,685.95","6,312.35","6,415.55","6,440.55","6,455.87","26,66,025","17,21,15,15,580.25","2,29,779","8,58,980","32.22"
"MARUTI","EQ","23-Sep-2020","6,440.55","6,462.00","6,549.95","6,380.00","6,489.00","6,501.30","6,481.09","14,56,257","9,43,81,28,597.85","1,29,964","3,20,564","22.01"
"MARUTI","EQ","24-Sep-2020","6,501.30","6,435.00","6,486.80","6,270.15","6,301.55","6,297.70","6,322.38","12,37,679","7,82,50,72,047.85","1,15,569","5,17,986","41.85"
"MARUTI","EQ","25-Sep-2020","6,297.70","6,395.00","6,518.55","6,331.00","6,488.00","6,497.70","6,433.34","13,16,469","8,46,92,88,870.80","1,10,741","3,54,475","26.93"
"MARUTI","EQ","28-Sep-2020","6,497.70","6,579.00","6,720.00","6,542.30","6,711.90","6,703.00","6,670.16","10,99,630","7,33,47,06,220.85","1,00,545","3,52,259","32.03"
"MARUTI","EQ","29-Sep-2020","6,703.00","6,749.00","6,813.30","6,671.00","6,739.00","6,742.75","6,745.04","11,99,391","8,08,99,42,113.70","93,606","3,14,859","26.25"
"MARUTI","EQ","30-Sep-2020","6,742.75","6,710.00","6,779.95","6,671.00","6,733.00","6,743.45","6,728.28","8,12,841","5,46,90,18,802.05","77,755","1,65,269","20.33"
"MARUTI","EQ","01-Oct-2020","6,743.45","6,838.20","6,909.00","6,775.40","6,795.00","6,796.30","6,842.01","12,56,003","8,59,35,84,731.70","97,656","3,26,967","26.03"
"MARUTI","EQ","05-Oct-2020","6,796.30","6,865.00","6,877.60","6,745.00","6,835.00","6,818.85","6,814.17","8,33,481","5,67,94,78,383.55","67,471","2,12,263","25.47"
"MARUTI","EQ","06-Oct-2020","6,818.85","6,858.00","6,939.80","6,830.00","6,891.00","6,892.40","6,893.38","7,56,215","5,21,28,75,293.70","64,506","1,29,607","17.14"
"MARUTI","EQ","07-Oct-2020","6,892.40","6,920.00","7,070.00","6,865.55","7,052.10","7,046.90","6,989.94","11,01,957","7,70,26,18,064.20","97,040","2,90,600","26.37"
"MARUTI","EQ","08-Oct-2020","7,046.90","7,090.00","7,140.00","7,021.00","7,068.15","7,079.85","7,074.26","8,51,205","6,02,16,47,929.25","72,570","1,85,537","21.80"
"MARUTI","EQ","09-Oct-2020","7,079.85","7,060.00","7,159.00","7,001.00","7,059.50","7,062.40","7,082.16","8,39,682","5,94,67,64,105.75","64,951","1,96,410","23.39"
"MARUTI","EQ","12-Oct-2020","7,062.40","7,110.00","7,155.00","7,005.00","7,135.00","7,136.65","7,092.96","7,99,713","5,67,23,29,507.40","63,216","2,01,144","25.15"
"MARUTI","EQ","13-Oct-2020","7,136.65","7,135.00","7,185.00","7,022.00","7,028.00","7,032.90","7,099.92","8,19,418","5,81,78,01,716.80","65,990","2,04,620","24.97"
"MARUTI","EQ","14-Oct-2020","7,032.90","7,040.00","7,075.00","6,927.45","6,990.00","7,002.35","6,984.67","7,79,634","5,44,54,84,594.05","53,493","1,64,201","21.06"
"MARUTI","EQ","15-Oct-2020","7,002.35","7,029.00","7,049.90","6,857.70","6,874.80","6,892.60","6,971.27","6,81,321","4,74,96,74,139.90","54,699","1,26,297","18.54"
"MARUTI","EQ","16-Oct-2020","6,892.60","6,895.00","6,980.00","6,863.00","6,905.00","6,894.90","6,920.24","6,57,914","4,55,29,22,593.95","49,182","1,38,393","21.04"
"MARUTI","EQ","19-Oct-2020","6,894.90","6,975.00","6,980.00","6,825.00","6,845.55","6,851.95","6,873.55","5,48,472","3,76,99,48,634.95","44,043","98,893","18.03"
"MARUTI","EQ","20-Oct-2020","6,851.95","6,817.00","6,949.00","6,810.00","6,845.00","6,844.60","6,877.34","6,59,864","4,53,81,09,284.65","63,746","2,05,553","31.15"
"MARUTI","EQ","21-Oct-2020","6,844.60","6,904.00","6,947.60","6,764.65","6,860.00","6,861.85","6,876.18","9,11,969","6,27,08,64,676.75","83,787","2,38,572","26.16"
"MARUTI","EQ","22-Oct-2020","6,861.85","6,828.00","6,860.00","6,775.20","6,809.00","6,811.55","6,808.01","5,84,542","3,97,95,69,604.85","51,489","1,73,752","29.72"
"MARUTI","EQ","23-Oct-2020","6,811.55","6,858.00","7,124.70","6,832.00","7,102.00","7,103.25","7,021.17","17,58,999","12,35,02,26,605.50","1,30,909","3,97,760","22.61"
"MARUTI","EQ","26-Oct-2020","7,103.25","7,100.00","7,161.30","6,935.05","7,056.50","7,054.80","7,056.34","15,59,361","11,00,33,86,754.05","1,33,834","3,67,279","23.55"
"MARUTI","EQ","27-Oct-2020","7,054.80","7,067.00","7,209.75","7,053.00","7,148.00","7,158.40","7,139.86","14,61,819","10,43,71,82,840.50","1,67,498","5,41,628","37.05"
"MARUTI","EQ","28-Oct-2020","7,158.40","7,194.95","7,332.00","7,110.00","7,173.00","7,186.05","7,240.73","16,45,177","11,91,22,83,599.25","1,79,960","4,92,932","29.96"
"MARUTI","EQ","29-Oct-2020","7,186.05","7,114.00","7,199.00","6,986.70","7,084.00","7,117.70","7,092.42","14,34,853","10,17,65,81,548.45","1,35,003","2,71,487","18.92"
"MARUTI","EQ","30-Oct-2020","7,117.70","7,079.05","7,110.00","6,881.00","6,938.00","6,965.15","6,979.63","13,60,249","9,49,40,32,473.25","1,04,074","2,70,369","19.88"
"MARUTI","EQ","02-Nov-2020","6,965.15","7,044.90","7,053.40","6,850.00","6,875.45","6,868.35","6,919.73","10,59,351","7,33,04,21,439.95","81,137","2,01,745","19.04"
"MARUTI","EQ","03-Nov-2020","6,868.35","6,940.00","6,963.25","6,852.45","6,909.50","6,913.35","6,911.86","9,26,491","6,40,37,74,788.80","77,876","2,51,139","27.11"
"MARUTI","EQ","04-Nov-2020","6,913.35","6,913.35","7,054.00","6,909.50","6,952.00","6,954.05","6,976.60","9,01,404","6,28,87,38,535.00","92,135","2,18,157","24.20"
"MARUTI","EQ","05-Nov-2020","6,954.05","7,020.00","7,104.90","6,979.65","7,098.00","7,092.80","7,057.99","8,43,221","5,95,14,43,565.80","75,538","2,92,162","34.65"
"MARUTI","EQ","06-Nov-2020","7,092.80","7,092.00","7,135.00","6,890.00","6,900.00","6,907.60","6,977.64","13,78,439","9,61,82,51,913.70","1,29,824","5,18,949","37.65"
"MARUTI","EQ","09-Nov-2020","6,907.60","6,989.95","7,032.60","6,815.00","6,862.85","6,872.15","6,887.51","14,79,540","10,19,03,52,638.65","1,23,273","6,05,879","40.95"
"MARUTI","EQ","10-Nov-2020","6,872.15","6,973.10","6,974.00","6,761.45","6,796.00","6,793.45","6,805.87","16,95,413","11,53,87,52,657.75","1,78,870","8,62,220","50.86"
"MARUTI","EQ","11-Nov-2020","6,793.45","6,859.00","6,904.00","6,753.10","6,855.00","6,857.35","6,849.57","14,81,918","10,15,05,03,579.50","1,26,580","6,72,076","45.35"
"MARUTI","EQ","12-Nov-2020","6,857.35","6,857.00","6,930.00","6,792.00","6,830.00","6,836.85","6,849.14","14,18,041","9,71,23,61,756.45","1,10,725","6,37,888","44.98"
"MARUTI","EQ","13-Nov-2020","6,836.85","6,880.00","6,880.00","6,786.00","6,812.80","6,809.25","6,820.16","9,70,632","6,61,98,68,811.30","86,303","3,59,690","37.06"
"MARUTI","EQ","14-Nov-2020","6,809.25","6,850.00","6,859.90","6,835.00","6,852.00","6,852.25","6,851.62","1,28,193","87,83,29,280.10","15,604","56,078","43.74"
"MARUTI","EQ","17-Nov-2020","6,852.25","6,865.00","6,996.90","6,863.00","6,987.00","6,981.45","6,945.06","12,43,068","8,63,31,80,855.50","1,05,517","5,27,415","42.43"
"MARUTI","EQ","18-Nov-2020","6,981.45","6,979.95","7,070.00","6,948.00","7,057.50","7,054.30","7,017.14","14,00,300","9,82,60,94,883.05","1,08,676","4,58,370","32.73"
"MARUTI","EQ","19-Nov-2020","7,054.30","7,031.00","7,130.00","6,915.20","6,949.00","6,963.30","7,064.08","13,05,695","9,22,35,29,939.50","1,07,063","3,55,421","27.22"
"MARUTI","EQ","20-Nov-2020","6,963.30","6,959.55","7,020.00","6,904.00","6,959.00","6,965.85","6,966.07","9,23,474","6,43,29,88,472.95","69,257","2,30,846","25.00"
"MARUTI","EQ","23-Nov-2020","6,965.85","7,040.00","7,044.00","6,932.60","6,986.50","6,987.75","6,982.52","7,35,755","5,13,74,24,418.45","62,356","2,96,127","40.25"
"MARUTI","EQ","24-Nov-2020","6,987.75","7,050.00","7,209.00","7,050.00","7,139.50","7,158.40","7,162.39","19,10,670","13,68,49,65,590.60","1,50,270","6,34,221","33.19"
"MARUTI","EQ","25-Nov-2020","7,158.40","7,250.00","7,252.35","7,017.00","7,057.00","7,055.70","7,142.88","9,47,742","6,76,96,10,176.95","87,048","2,72,695","28.77"
"MARUTI","EQ","26-Nov-2020","7,055.70","7,080.00","7,098.00","6,903.00","7,004.00","6,994.25","6,961.20","10,68,945","7,44,11,41,747.75","97,102","2,83,794","26.55"
"MARUTI","EQ","27-Nov-2020","6,994.25","7,040.30","7,111.00","6,930.00","6,985.00","7,035.80","7,048.97","21,23,905","14,97,13,37,733.10","1,08,503","11,84,902","55.79"
"MARUTI","EQ","01-Dec-2020","7,035.80","7,141.80","7,141.80","6,975.20","7,100.00","7,101.70","7,068.01","10,76,695","7,61,00,88,466.30","89,996","3,66,922","34.08"
"MARUTI","EQ","02-Dec-2020","7,101.70","7,110.00","7,220.00","7,105.00","7,204.00","7,206.50","7,181.43","11,06,734","7,94,79,28,581.40","92,259","3,83,038","34.61"
"MARUTI","EQ","03-Dec-2020","7,206.50","7,250.00","7,782.85","7,249.60","7,735.00","7,739.10","7,574.14","38,46,792","29,13,61,25,689.65","2,96,652","10,18,274","26.47"
"MARUTI","EQ","04-Dec-2020","7,739.10","7,798.00","7,882.65","7,641.25","7,800.00","7,803.15","7,784.46","23,93,536","18,63,23,82,682.95","1,70,701","6,15,814","25.73"
"MARUTI","EQ","07-Dec-2020","7,803.15","7,828.80","7,835.00","7,690.00","7,738.05","7,743.40","7,766.34","10,37,296","8,05,59,89,987.25","76,049","3,22,903","31.13"
"MARUTI","EQ","08-Dec-2020","7,743.40","7,748.00","8,013.15","7,700.00","7,754.00","7,762.70","7,828.18","18,85,285","14,75,83,58,263.90","1,44,666","3,12,975","16.60"
"MARUTI","EQ","09-Dec-2020","7,762.70","7,775.00","7,799.95","7,692.00","7,708.00","7,709.25","7,726.95","8,22,760","6,35,74,25,825.30","79,099","2,51,115","30.52"
"MARUTI","EQ","10-Dec-2020","7,709.25","7,760.00","7,850.00","7,710.00","7,727.90","7,736.00","7,776.21","11,86,739","9,22,83,30,393.20","88,280","1,66,849","14.06"
"MARUTI","EQ","11-Dec-2020","7,736.00","7,779.95","7,795.70","7,700.00","7,715.20","7,733.55","7,738.70","7,06,875","5,47,02,94,540.80","50,626","1,83,137","25.91"
"MARUTI","EQ","14-Dec-2020","7,733.55","7,810.00","7,825.00","7,655.00","7,684.00","7,696.80","7,713.84","10,38,032","8,00,72,11,706.10","85,812","2,82,168","27.18"
"MARUTI","EQ","15-Dec-2020","7,696.80","7,696.80","7,790.00","7,640.55","7,772.00","7,765.25","7,720.89","8,91,801","6,88,54,95,987.85","72,561","2,74,127","30.74"
"MARUTI","EQ","16-Dec-2020","7,765.25","7,820.00","7,899.00","7,770.00","7,773.00","7,796.35","7,820.28","9,63,504","7,53,48,66,640.50","78,504","2,19,833","22.82"
"MARUTI","EQ","17-Dec-2020","7,796.35","7,799.90","7,831.90","7,625.00","7,664.00","7,694.00","7,743.96","7,34,075","5,68,46,46,346.30","55,091","2,60,899","35.54"
"MARUTI","EQ","18-Dec-2020","7,694.00","7,714.00","7,727.00","7,541.75","7,560.00","7,559.75","7,601.76","10,78,328","8,19,71,85,519.25","86,152","4,23,555","39.28"
"MARUTI","EQ","21-Dec-2020","7,559.75","7,560.00","7,599.00","7,278.10","7,340.00","7,376.10","7,497.25","9,70,306","7,27,46,22,541.95","80,870","2,43,586","25.10"
"MARUTI","EQ","22-Dec-2020","7,376.10","7,380.00","7,438.00","7,205.10","7,401.00","7,395.40","7,323.74","11,38,240","8,33,61,78,647.50","1,04,411","3,95,569","34.75"
"MARUTI","EQ","23-Dec-2020","7,395.40","7,400.40","7,555.60","7,394.00","7,450.00","7,449.95","7,474.90","9,51,805","7,11,46,45,570.30","84,300","2,62,458","27.57"
"MARUTI","EQ","24-Dec-2020","7,449.95","7,507.25","7,532.75","7,414.20","7,449.00","7,446.05","7,463.58","5,89,281","4,39,81,47,154.50","50,741","1,12,711","19.13"
"MARUTI","EQ","28-Dec-2020","7,446.05","7,465.00","7,543.00","7,454.00","7,484.00","7,483.00","7,492.13","5,21,320","3,90,57,98,161.95","52,080","1,08,261","20.77"
"MARUTI","EQ","29-Dec-2020","7,483.00","7,520.00","7,545.00","7,418.30","7,447.50","7,452.35","7,469.74","5,38,719","4,02,40,91,462.30","50,326","1,43,100","26.56"
"MARUTI","EQ","30-Dec-2020","7,452.35","7,497.00","7,635.00","7,430.00","7,610.00","7,612.90","7,546.90","10,29,800","7,77,17,95,536.10","81,204","2,01,109","19.53"
"MARUTI","EQ","31-Dec-2020","7,612.90","7,614.65","7,697.00","7,580.00","7,654.00","7,649.60","7,646.68","9,08,515","6,94,71,19,527.40","76,829","2,39,335","26.34"
"MARUTI","EQ","01-Jan-2021","7,649.60","7,654.00","7,748.50","7,650.00","7,687.00","7,691.30","7,704.92","7,67,574","5,91,40,93,729.80","55,693","93,385","12.17"
"MARUTI","EQ","04-Jan-2021","7,691.30","7,739.00","7,755.20","7,642.60","7,691.05","7,702.30","7,697.13","5,98,645","4,60,78,46,932.35","55,195","1,71,586","28.66"
"MARUTI","EQ","05-Jan-2021","7,702.30","7,660.00","7,673.00","7,586.00","7,657.20","7,655.45","7,635.41","5,62,668","4,29,62,03,492.30","57,426","1,47,432","26.20"
"MARUTI","EQ","06-Jan-2021","7,655.45","7,654.00","7,749.00","7,555.50","7,625.25","7,628.60","7,670.88","8,40,678","6,44,87,36,327.00","66,618","2,04,373","24.31"
"MARUTI","EQ","07-Jan-2021","7,628.60","7,676.00","7,704.40","7,552.10","7,576.85","7,566.05","7,620.30","6,42,968","4,89,96,11,001.50","65,629","1,98,399","30.86"
"MARUTI","EQ","08-Jan-2021","7,566.05","7,600.00","8,060.00","7,600.00","8,003.90","8,014.90","7,900.46","25,57,157","20,20,27,26,188.90","2,06,469","6,28,669","24.58"
"MARUTI","EQ","11-Jan-2021","8,014.90","8,099.00","8,288.00","7,882.40","8,230.00","8,232.75","8,134.13","21,82,019","17,74,88,15,820.20","1,73,268","3,74,554","17.17"
"MARUTI","EQ","12-Jan-2021","8,232.75","8,161.00","8,329.00","8,140.00","8,160.00","8,188.05","8,225.92","15,14,072","12,45,46,31,354.70","1,21,926","3,38,140","22.33"
"MARUTI","EQ","13-Jan-2021","8,188.05","8,188.00","8,250.00","8,111.00","8,132.00","8,139.85","8,179.95","8,77,225","7,17,56,59,474.25","75,670","1,71,171","19.51"
"MARUTI","EQ","14-Jan-2021","8,139.85","8,164.80","8,180.00","8,023.45","8,154.00","8,149.45","8,119.67","7,18,274","5,83,21,47,158.25","75,675","1,64,673","22.93"
"MARUTI","EQ","15-Jan-2021","8,149.45","8,157.15","8,219.50","8,000.05","8,011.00","8,024.75","8,083.19","7,51,177","6,07,19,03,149.30","66,900","1,16,035","15.45"
"MARUTI","EQ","18-Jan-2021","8,024.75","8,011.00","8,023.95","7,745.00","7,768.40","7,830.65","7,846.21","7,71,183","6,05,08,63,814.10","83,183","1,60,751","20.84"
"MARUTI","EQ","19-Jan-2021","7,830.65","7,900.00","7,990.30","7,835.00","7,905.00","7,922.60","7,920.93","7,79,892","6,17,74,73,124.60","71,087","1,38,955","17.82"
"MARUTI","EQ","20-Jan-2021","7,922.60","7,882.00","8,170.00","7,860.25","8,125.00","8,144.95","8,057.51","9,99,226","8,05,12,74,046.10","88,074","1,55,107","15.52"
"MARUTI","EQ","21-Jan-2021","8,144.95","8,205.00","8,267.00","8,021.45","8,089.00","8,076.75","8,194.49","7,69,494","6,30,56,13,188.40","84,321","1,71,412","22.28"
"MARUTI","EQ","22-Jan-2021","8,076.75","8,085.00","8,308.00","8,000.00","8,024.00","8,048.85","8,163.61","11,72,914","9,57,52,12,952.35","1,06,358","1,72,071","14.67"
"MARUTI","EQ","25-Jan-2021","8,048.85","8,117.00","8,164.70","7,950.10","8,009.10","7,981.50","8,070.49","7,53,043","6,07,74,26,597.30","71,327","1,55,311","20.62"
"MARUTI","EQ","27-Jan-2021","7,981.50","7,992.95","8,090.00","7,820.50","7,861.45","7,870.90","7,972.54","10,80,785","8,61,65,97,069.65","1,16,041","2,34,241","21.67"
"MARUTI","EQ","28-Jan-2021","7,870.90","7,840.00","7,984.55","7,562.00","7,600.00","7,588.50","7,765.46","20,85,637","16,19,59,27,096.60","1,93,839","3,74,460","17.95"
"MARUTI","EQ","29-Jan-2021","7,588.50","7,685.00","7,685.00","7,170.00","7,222.00","7,206.65","7,377.31","30,69,968","22,64,80,90,785.35","2,81,099","10,65,452","34.71"
"MARUTI","EQ","01-Feb-2021","7,206.65","7,265.20","7,475.00","7,152.00","7,430.00","7,399.80","7,315.28","16,11,478","11,78,84,10,804.05","1,79,773","2,90,905","18.05"
"MARUTI","EQ","02-Feb-2021","7,399.80","7,534.90","7,769.75","7,490.15","7,661.00","7,654.70","7,651.32","17,00,845","13,01,37,01,956.10","1,28,518","4,50,748","26.50"
"MARUTI","EQ","03-Feb-2021","7,654.70","7,680.00","7,716.45","7,475.85","7,585.00","7,589.20","7,579.50","14,91,567","11,30,53,35,855.30","1,23,946","3,50,427","23.49"
"MARUTI","EQ","04-Feb-2021","7,589.20","7,600.00","7,765.00","7,529.05","7,635.25","7,640.00","7,673.20","11,98,036","9,19,27,74,643.55","1,00,546","2,86,052","23.88"
"MARUTI","EQ","05-Feb-2021","7,640.00","7,680.00","7,736.00","7,461.00","7,501.00","7,494.15","7,541.65","11,28,089","8,50,76,56,251.40","1,16,860","3,28,854","29.15"
"MARUTI","EQ","08-Feb-2021","7,494.15","7,515.00","7,638.00","7,474.50","7,572.90","7,574.60","7,574.24","9,12,372","6,91,05,21,423.50","84,897","1,74,287","19.10"
"MARUTI","EQ","09-Feb-2021","7,574.60","7,581.00","7,680.00","7,574.00","7,630.00","7,627.05","7,637.82","9,25,127","7,06,59,57,943.25","83,533","2,97,189","32.12"
"MARUTI","EQ","10-Feb-2021","7,627.05","7,605.20","7,674.90","7,506.05","7,629.00","7,621.70","7,589.42","10,15,600","7,70,78,14,316.55","97,257","2,33,643","23.01"
"MARUTI","EQ","11-Feb-2021","7,621.70","7,600.00","7,744.00","7,567.65","7,659.00","7,667.35","7,669.83","8,18,869","6,28,05,85,001.50","67,413","1,78,948","21.85"
"MARUTI","EQ","12-Feb-2021","7,667.35","7,620.10","7,675.00","7,525.90","7,570.00","7,568.50","7,603.77","7,56,833","5,75,47,83,099.10","64,775","1,94,262","25.67"
"MARUTI","EQ","15-Feb-2021","7,568.50","7,600.00","7,649.10","7,580.00","7,600.00","7,596.65","7,611.43","4,70,093","3,57,80,80,133.05","48,456","78,160","16.63"
"MARUTI","EQ","16-Feb-2021","7,596.65","7,639.00","7,799.00","7,625.25","7,690.00","7,697.05","7,717.76","13,21,126","10,19,61,38,362.05","1,10,476","2,87,777","21.78"
"MARUTI","EQ","17-Feb-2021","7,697.05","7,679.95","7,691.50","7,471.30","7,501.00","7,503.20","7,564.37","10,23,548","7,74,24,98,278.50","87,935","3,83,157","37.43"
"MARUTI","EQ","18-Feb-2021","7,503.20","7,574.85","7,579.05","7,460.00","7,495.00","7,497.55","7,516.97","8,21,462","6,17,49,06,515.90","79,177","2,00,788","24.44"
"MARUTI","EQ","19-Feb-2021","7,497.55","7,448.00","7,486.40","7,285.00","7,332.50","7,323.00","7,382.49","10,13,887","7,48,50,08,224.10","1,05,979","2,75,316","27.15"
"MARUTI","EQ","22-Feb-2021","7,323.00","7,323.00","7,325.00","7,056.00","7,060.00","7,086.45","7,151.55","15,02,068","10,74,21,07,736.65","1,74,597","6,06,694","40.39"
"MARUTI","EQ","23-Feb-2021","7,086.45","7,118.80","7,122.35","6,938.00","6,975.00","6,970.50","7,004.31","15,89,884","11,13,60,35,988.55","1,55,033","6,88,121","43.28"
"MARUTI","EQ","24-Feb-2021","6,970.50","6,905.00","7,036.00","6,877.50","6,955.00","6,952.95","6,969.92","12,25,254","8,53,99,21,159.00","1,17,844","5,40,301","44.10"
"MARUTI","EQ","25-Feb-2021","6,952.95","7,065.00","7,069.00","6,915.00","6,926.05","6,930.35","6,955.90","17,40,066","12,10,37,31,876.15","1,35,168","9,04,726","51.99"
"MARUTI","EQ","26-Feb-2021","6,930.35","6,900.00","7,075.00","6,822.20","6,851.00","6,866.15","6,937.04","26,87,534","18,64,35,37,042.30","2,60,516","9,11,816","33.93"
"MARUTI","EQ","01-Mar-2021","6,866.15","6,977.00","7,032.85","6,917.05","7,024.90","7,015.00","6,987.36","14,17,600","9,90,52,78,802.95","1,33,457","6,37,032","44.94"
"MARUTI","EQ","02-Mar-2021","7,015.00","7,060.00","7,235.00","7,030.00","7,223.00","7,214.10","7,138.08","13,95,296","9,95,97,31,633.85","1,15,867","6,44,925","46.22"
"MARUTI","EQ","03-Mar-2021","7,214.10","7,245.60","7,262.30","7,101.20","7,129.25","7,124.70","7,132.69","7,96,258","5,67,94,58,771.70","88,189","2,91,539","36.61"
"MARUTI","EQ","04-Mar-2021","7,124.70","7,080.00","7,175.20","7,011.00","7,123.00","7,131.60","7,108.26","9,06,310","6,44,22,88,873.90","98,839","2,78,461","30.72"
"MARUTI","EQ","05-Mar-2021","7,131.60","7,130.00","7,315.00","7,070.00","7,251.00","7,249.00","7,236.86","18,21,165","13,17,95,07,568.65","1,36,188","8,02,724","44.08"
"MARUTI","EQ","08-Mar-2021","7,249.00","7,264.90","7,338.80","7,216.00","7,248.10","7,259.50","7,277.95","9,77,572","7,11,47,22,046.30","95,403","3,72,383","38.09"
"MARUTI","EQ","09-Mar-2021","7,259.50","7,329.40","7,329.40","7,256.00","7,300.00","7,301.55","7,291.37","6,78,485","4,94,70,88,435.65","69,419","3,28,281","48.38"
"MARUTI","EQ","10-Mar-2021","7,301.55","7,320.00","7,387.00","7,251.00","7,260.65","7,272.10","7,318.80","6,59,270","4,82,50,62,453.90","99,069","2,34,347","35.55"
"MARUTI","EQ","12-Mar-2021","7,272.10","7,300.00","7,313.00","7,061.40","7,100.75","7,096.20","7,151.12","9,46,720","6,77,01,10,491.20","1,14,353","3,41,569","36.08"
"MARUTI","EQ","15-Mar-2021","7,096.20","7,145.00","7,162.95","7,011.00","7,076.00","7,089.30","7,071.09","7,00,309","4,95,19,47,146.40","87,619","2,23,307","31.89"
"MARUTI","EQ","16-Mar-2021","7,089.30","7,100.00","7,200.00","7,100.00","7,155.00","7,150.30","7,156.16","7,96,357","5,69,88,59,492.45","89,199","3,33,378","41.86"
"MARUTI","EQ","17-Mar-2021","7,150.30","7,160.00","7,169.95","7,043.50","7,075.00","7,064.65","7,098.99","6,88,581","4,88,82,28,216.20","66,862","3,57,004","51.85"
"MARUTI","EQ","18-Mar-2021","7,064.65","7,125.00","7,242.00","7,060.00","7,108.00","7,113.75","7,159.91","9,84,545","7,04,92,56,728.40","1,11,880","3,27,984","33.31"
"MARUTI","EQ","19-Mar-2021","7,113.75","7,059.95","7,149.95","6,905.50","7,114.90","7,113.55","7,022.41","8,38,756","5,89,00,89,951.25","1,03,254","2,20,746","26.32"
"MARUTI","EQ","22-Mar-2021","7,113.55","7,104.00","7,142.50","7,050.20","7,106.00","7,101.25","7,088.01","5,33,767","3,78,33,47,551.15","72,385","1,74,907","32.77"
"MARUTI","EQ","23-Mar-2021","7,101.25","7,138.00","7,225.00","7,130.00","7,172.00","7,186.25","7,189.58","7,57,590","5,44,67,52,223.35","85,127","2,53,656","33.48"
"MARUTI","EQ","24-Mar-2021","7,186.25","7,136.00","7,158.40","7,049.95","7,060.00","7,066.20","7,093.04","4,57,147","3,24,25,62,774.15","63,062","1,37,921","30.17"
"MARUTI","EQ","25-Mar-2021","7,066.20","7,050.00","7,059.00","6,755.25","6,792.00","6,786.85","6,842.51","13,38,767","9,16,05,24,406.75","1,81,801","5,11,237","38.19"
"MARUTI","EQ","26-Mar-2021","6,786.85","6,889.00","6,898.95","6,771.00","6,789.00","6,784.45","6,808.28","9,11,299","6,20,43,82,981.00","1,08,503","3,96,139","43.47"
"MARUTI","EQ","30-Mar-2021","6,784.45","6,811.00","6,875.00","6,740.00","6,854.45","6,851.80","6,805.37","10,88,917","7,41,04,84,724.10","1,05,581","5,18,822","47.65"
"MARUTI","EQ","31-Mar-2021","6,851.80","6,852.30","6,939.90","6,795.20","6,864.75","6,859.20","6,874.85","7,35,382","5,05,56,37,429.15","84,020","2,42,359","32.96"
"MARUTI","EQ","01-Apr-2021","6,859.20","6,950.00","6,991.50","6,855.00","6,922.00","6,923.90","6,928.21","6,60,759","4,57,78,78,601.15","57,833","1,70,697","25.83"
"MARUTI","EQ","05-Apr-2021","6,923.90","6,908.50","6,908.50","6,724.60","6,773.00","6,768.55","6,785.21","6,68,129","4,53,33,93,260.80","76,303","2,21,541","33.16"
"MARUTI","EQ","06-Apr-2021","6,768.55","6,818.25","6,846.95","6,720.00","6,767.20","6,751.30","6,786.69","6,28,262","4,26,38,20,393.30","69,291","1,79,244","28.53"
"MARUTI","EQ","07-Apr-2021","6,751.30","6,790.00","6,885.00","6,775.05","6,865.20","6,865.00","6,847.39","5,98,115","4,09,55,25,836.10","57,449","2,55,548","42.73"
"MARUTI","EQ","08-Apr-2021","6,865.00","6,881.00","6,939.30","6,806.85","6,831.00","6,826.85","6,885.70","6,04,553","4,16,27,69,048.75","58,345","2,81,504","46.56"
"MARUTI","EQ","09-Apr-2021","6,826.85","6,850.00","6,875.25","6,778.00","6,835.00","6,827.10","6,827.68","6,41,327","4,37,87,73,598.00","60,183","2,77,643","43.29"
"MARUTI","EQ","12-Apr-2021","6,827.10","6,739.85","6,739.85","6,502.15","6,533.00","6,520.60","6,565.82","10,20,746","6,70,20,32,190.25","1,34,956","5,05,862","49.56"
"MARUTI","EQ","13-Apr-2021","6,520.60","6,520.00","6,845.40","6,468.80","6,825.00","6,815.80","6,733.61","9,95,718","6,70,47,76,133.05","1,07,496","2,83,343","28.46"
"MARUTI","EQ","15-Apr-2021","6,815.80","6,846.60","6,846.85","6,551.00","6,643.00","6,644.25","6,640.08","12,67,365","8,41,54,09,818.65","1,38,313","5,81,577","45.89"
"MARUTI","EQ","16-Apr-2021","6,644.25","6,675.00","6,784.85","6,606.05","6,633.00","6,648.10","6,680.14","10,00,325","6,68,23,14,283.55","81,274","3,42,948","34.28"
"MARUTI","EQ","19-Apr-2021","6,648.10","6,500.35","6,530.00","6,415.00","6,515.00","6,511.75","6,477.28","7,72,219","5,00,18,76,840.25","94,720","3,23,706","41.92"
"MARUTI","EQ","20-Apr-2021","6,511.75","6,615.00","6,678.70","6,558.55","6,640.00","6,646.65","6,616.92","9,14,142","6,04,88,00,237.55","69,676","4,01,144","43.88"
"MARUTI","EQ","22-Apr-2021","6,646.65","6,625.95","6,674.90","6,545.00","6,648.00","6,650.10","6,631.11","6,67,911","4,42,89,93,452.85","75,599","3,29,978","49.40"
"MARUTI","EQ","23-Apr-2021","6,650.10","6,560.00","6,714.70","6,560.00","6,684.00","6,676.10","6,651.34","7,09,306","4,71,78,36,315.35","64,854","2,75,503","38.84"
"MARUTI","EQ","26-Apr-2021","6,676.10","6,690.20","6,789.00","6,600.00","6,645.00","6,638.90","6,678.34","9,37,344","6,25,99,02,831.80","74,474","4,64,999","49.61"
"MARUTI","EQ","27-Apr-2021","6,638.90","6,669.95","6,709.00","6,542.00","6,552.00","6,568.75","6,620.68","16,10,651","10,66,35,98,294.60","1,30,986","5,88,617","36.55"
"MARUTI","EQ","28-Apr-2021","6,568.75","6,568.75","6,650.00","6,545.00","6,581.00","6,573.80","6,598.62","14,06,270","9,27,94,37,297.75","1,17,843","6,72,435","47.82"
"MARUTI","EQ","29-Apr-2021","6,573.80","6,635.00","6,647.45","6,552.00","6,562.00","6,565.65","6,580.77","7,57,075","4,98,21,35,010.10","64,393","3,52,987","46.63"
"MARUTI","EQ","30-Apr-2021","6,565.65","6,537.10","6,559.60","6,421.00","6,438.35","6,455.65","6,500.51","8,49,997","5,52,54,18,155.00","95,248","3,82,594","45.01"
"MARUTI","EQ","03-May-2021","6,455.65","6,430.00","6,622.00","6,400.00","6,600.00","6,597.85","6,568.74","8,34,923","5,48,43,91,485.25","71,917","1,62,249","19.43"
"MARUTI","EQ","04-May-2021","6,597.85","6,639.95","6,648.50","6,482.00","6,506.00","6,508.25","6,544.51","5,07,170","3,31,91,77,168.75","53,256","1,23,041","24.26"
"MARUTI","EQ","05-May-2021","6,508.25","6,557.70","6,599.00","6,483.00","6,590.00","6,590.10","6,551.00","4,99,160","3,26,99,98,391.45","52,446","1,17,735","23.59"
"MARUTI","EQ","06-May-2021","6,590.10","6,590.00","6,709.00","6,575.70","6,657.00","6,666.65","6,664.20","5,20,125","3,46,62,16,114.70","55,167","1,90,241","36.58"
"MARUTI","EQ","07-May-2021","6,666.65","6,679.00","6,754.55","6,640.00","6,694.05","6,703.05","6,697.04","6,05,050","4,05,20,43,615.00","62,112","2,35,152","38.86"
"MARUTI","EQ","10-May-2021","6,703.05","6,675.20","6,773.15","6,660.10","6,765.00","6,764.00","6,738.56","5,41,534","3,64,91,58,066.95","59,183","2,32,526","42.94"
"MARUTI","EQ","11-May-2021","6,764.00","6,680.15","6,749.00","6,660.25","6,740.00","6,736.65","6,709.69","4,06,046","2,72,44,41,701.35","46,189","1,30,971","32.26"
"MARUTI","EQ","12-May-2021","6,736.65","6,730.00","6,840.00","6,685.00","6,825.00","6,817.55","6,771.29","7,70,204","5,21,52,71,527.50","73,266","3,11,842","40.49"
"MARUTI","EQ","14-May-2021","6,817.55","6,840.00","6,842.15","6,700.20","6,720.00","6,736.40","6,745.87","6,47,029","4,36,47,73,225.50","77,290","3,02,500","46.75"
"MARUTI","EQ","17-May-2021","6,736.40","6,716.50","6,838.40","6,697.55","6,715.00","6,717.85","6,764.44","9,95,827","6,73,62,07,944.85","85,734","6,30,130","63.28"
"MARUTI","EQ","18-May-2021","6,717.85","6,788.00","6,864.00","6,715.45","6,812.00","6,811.10","6,798.40","8,05,827","5,47,83,37,822.85","74,323","3,08,871","38.33"
"MARUTI","EQ","19-May-2021","6,811.10","6,799.00","6,854.95","6,760.00","6,771.00","6,775.90","6,796.41","4,32,774","2,94,13,08,356.60","49,718","1,47,826","34.16"
"MARUTI","EQ","20-May-2021","6,775.90","6,780.80","6,814.70","6,729.50","6,739.00","6,737.85","6,765.64","4,70,476","3,18,30,70,495.75","53,092","2,07,817","44.17"
"MARUTI","EQ","21-May-2021","6,737.85","6,780.00","6,835.50","6,744.25","6,811.10","6,814.65","6,796.16","4,34,363","2,95,20,02,095.55","46,661","1,79,876","41.41"
"MARUTI","EQ","24-May-2021","6,814.65","6,802.00","6,965.00","6,802.00","6,882.00","6,871.60","6,904.36","10,27,484","7,09,41,18,134.50","99,839","3,08,603","30.03"
"MARUTI","EQ","25-May-2021","6,871.60","6,939.95","6,948.00","6,888.00","6,910.00","6,911.80","6,915.45","4,38,736","3,03,40,58,739.70","46,895","1,53,247","34.93"
"MARUTI","EQ","26-May-2021","6,911.80","6,926.00","7,051.00","6,912.00","7,024.00","7,034.30","6,996.06","6,91,574","4,83,82,91,406.15","68,086","2,79,281","40.38"
"MARUTI","EQ","27-May-2021","7,034.30","7,022.00","7,069.00","6,951.15","6,968.00","6,968.90","6,996.16","9,22,091","6,45,10,98,364.60","76,583","5,08,186","55.11"
"MARUTI","EQ","28-May-2021","6,968.90","6,988.60","7,047.00","6,940.50","6,965.00","6,970.00","6,978.71","3,93,809","2,74,82,76,839.55","39,040","1,39,376","35.39"
"MARUTI","EQ","31-May-2021","6,970.00","6,955.00","7,100.00","6,924.05","7,075.05","7,086.30","7,046.96","7,18,277","5,06,16,72,191.60","63,467","3,22,432","44.89"
"MARUTI","EQ","01-Jun-2021","7,086.30","7,107.55","7,143.00","7,047.05","7,085.00","7,091.15","7,100.25","6,42,841","4,56,43,30,191.90","56,757","2,37,134","36.89"
"MARUTI","EQ","02-Jun-2021","7,091.15","7,063.45","7,197.70","7,063.45","7,185.50","7,184.70","7,141.97","5,98,862","4,27,70,55,762.80","65,123","2,89,848","48.40"
"MARUTI","EQ","03-Jun-2021","7,184.70","7,200.00","7,230.00","7,165.05","7,202.00","7,209.50","7,200.92","4,01,590","2,89,18,18,209.75","48,913","1,67,785","41.78"
"MARUTI","EQ","04-Jun-2021","7,209.50","7,200.00","7,272.00","7,151.10","7,219.50","7,214.70","7,218.27","5,75,591","4,15,47,73,651.35","52,647","2,28,971","39.78"
"MARUTI","EQ","07-Jun-2021","7,214.70","7,221.00","7,328.85","7,211.10","7,273.00","7,275.65","7,281.32","5,20,482","3,78,97,95,837.25","53,602","2,24,477","43.13"
"MARUTI","EQ","08-Jun-2021","7,275.65","7,317.50","7,366.45","7,295.20","7,336.95","7,336.75","7,332.90","5,38,816","3,95,10,82,086.10","57,394","2,99,547","55.59"
"MARUTI","EQ","09-Jun-2021","7,336.75","7,310.20","7,339.20","7,200.00","7,238.55","7,239.00","7,253.80","4,43,778","3,21,90,76,289.75","54,241","1,80,247","40.62"
"MARUTI","EQ","10-Jun-2021","7,239.00","7,258.00","7,279.45","7,174.05","7,209.50","7,199.90","7,209.21","2,78,027","2,00,43,55,855.15","41,656","1,08,735","39.11"
"MARUTI","EQ","11-Jun-2021","7,199.90","7,244.00","7,244.00","7,186.40","7,215.00","7,223.80","7,219.08","2,53,689","1,83,14,00,190.70","43,956","1,24,909","49.24"
"MARUTI","EQ","14-Jun-2021","7,223.80","7,195.00","7,212.95","7,095.05","7,181.15","7,177.85","7,147.84","3,22,353","2,30,41,27,409.05","37,207","1,43,497","44.52"
"MARUTI","EQ","15-Jun-2021","7,177.85","7,181.15","7,228.85","7,156.30","7,165.00","7,166.25","7,177.53","2,07,625","1,49,02,35,163.85","36,310","89,173","42.95"
"MARUTI","EQ","16-Jun-2021","7,166.25","7,166.00","7,193.75","7,070.00","7,108.50","7,114.25","7,119.34","2,83,007","2,01,48,23,315.20","45,004","1,28,623","45.45"
"MARUTI","EQ","17-Jun-2021","7,114.25","7,060.00","7,099.10","6,931.10","6,955.00","6,969.35","7,009.75","5,95,255","4,17,25,86,651.80","66,183","3,33,094","55.96"
"MARUTI","EQ","18-Jun-2021","6,969.35","6,989.85","6,989.85","6,821.00","6,960.00","6,959.35","6,913.65","7,97,389","5,51,28,68,857.35","97,087","4,12,856","51.78"
"MARUTI","EQ","21-Jun-2021","6,959.35","6,870.00","6,925.00","6,842.00","6,890.10","6,899.90","6,886.61","4,43,795","3,05,62,41,297.00","60,269","2,49,341","56.18"
"MARUTI","EQ","22-Jun-2021","6,899.90","6,940.00","7,299.95","6,930.00","7,257.50","7,265.40","7,201.24","17,57,310","12,65,48,04,727.60","1,71,579","5,49,897","31.29"
"MARUTI","EQ","23-Jun-2021","7,265.40","7,266.10","7,479.00","7,240.05","7,432.10","7,432.70","7,417.45","22,27,399","16,52,16,13,555.70","2,21,087","10,32,732","46.36"
"MARUTI","EQ","24-Jun-2021","7,432.70","7,448.80","7,550.00","7,410.10","7,531.00","7,527.45","7,497.38","10,41,762","7,81,04,89,981.45","95,406","4,57,296","43.90"
"MARUTI","EQ","25-Jun-2021","7,527.45","7,540.00","7,665.00","7,540.00","7,623.00","7,649.00","7,627.10","12,16,123","9,27,54,93,385.90","1,14,428","7,07,447","58.17"